material,uses,eta_const,glyph,style,src
abc,1,abcOutline,abc,regular,added
ac_unit,2,snowflake,snowflake,filled,filled
account_circle_outlined,1,userOutline,user_1,regular,regular
account_tree_outlined,1,sitemapOutline,sitemap,regular,regular
add,2,add,add,filled,filled
album_outlined,6,albumOutline,album,regular,regular
analytics_outlined,1,chartVerticalOutline,chart_vertical,regular,regular
animation_outlined,5,magic2Outline,magic_2,regular,regular
arrow_back,1,arrowLeft,arrow_left,filled,filled
arrow_drop_down,5,downSmall,down_small,filled,filled
arrow_right_alt,1,arrowRight,arrow_right,filled,filled
audiotrack_outlined,1,musicOutline,music,regular,regular
auto_fix_high,5,magic3,magic_3,filled,filled
auto_fix_high_outlined,2,magic3Outline,magic_3,regular,regular
auto_fix_normal,1,magic2,magic_2,filled,filled
auto_fix_normal_outlined,2,magic2Outline,magic_2,regular,regular
autorenew,1,refresh,refresh_2,filled,filled
av_timer_outlined,1,stopwatchOutline,stopwatch,regular,regular
bar_chart,1,chartBar,chart_bar,filled,filled
bar_chart_outlined,1,chartBarOutline,chart_bar,regular,regular
bedtime_off_outlined,1,bedtimeOffOutline,bedtime_off_outlined,regular,added
bedtime_outlined,1,moonStarsOutline,moon_stars,regular,regular
bluetooth_audio,2,bluetooth,bluetooth,filled,filled
blur_circular_outlined,1,dotCircleOutline,dot_circle,regular,regular
blur_on_outlined,1,blurOnOutline,blur_on_outlined,regular,added
bolt,1,flash,flash,filled,filled
bolt_outlined,2,flashOutline,flash,regular,regular
brightness_auto_outlined,1,brightnessOutline,brightness,regular,regular
broken_image_outlined,2,pic2Outline,pic_2,regular,regular
call_outlined,1,phoneCallOutline,phone_call,regular,regular
cancel_outlined,1,closeCircleOutline,close_circle,regular,regular
center_focus_strong_outlined,1,aimingOutline,aiming,regular,regular
chat_bubble_outline,2,chatOutline,chat_1,regular,regular
check,8,check,check,filled,filled
check_circle,6,checkCircle,check_circle,filled,filled
check_circle_outline,4,checkCircleOutline,check_circle,regular,regular
checklist,2,listCheck2,list_check_2,filled,filled
checklist_outlined,1,listCheck3Outline,list_check_3,regular,regular
chevron_left,1,leftSmall,left_small,filled,filled
chevron_right,4,rightSmall,right_small,filled,filled
circle_outlined,2,roundOutline,round,regular,regular
cleaning_services_outlined,2,broomOutline,broom,regular,regular
close,12,close,close,filled,filled
cloud,1,cloud,cloud,filled,filled
cloud_off_outlined,5,cloudOutline,cloud,regular,regular
cloud_outlined,3,cloudOutline,cloud,regular,regular
cloud_queue,1,cloud,cloud,filled,filled
color_lens_outlined,2,palette2Outline,palette_2,regular,regular
colorize,1,colorPicker,color_picker,filled,filled
compare_arrows_outlined,1,transferVerticalOutline,transfer_vertical,regular,regular
create_new_folder_outlined,1,newFolderOutline,new_folder,regular,regular
crop_square,2,square,square,filled,filled
dark_mode_outlined,4,moonOutline,moon,regular,regular
data_usage_outlined,1,chartPieOutline,chart_pie,regular,regular
delete,1,delete,delete_2,filled,filled
delete_forever_outlined,3,wastebasketOutline,wastebasket,regular,regular
delete_outline,10,deleteOutline,delete_2,regular,regular
delete_sweep_outlined,4,deleteOutline,delete_2,regular,regular
deselect,1,deselectOutline,deselect,regular,added
desktop_windows_outlined,1,monitorOutline,monitor,regular,regular
devices_outlined,1,deviceOutline,device,regular,regular
dns,1,server,server,filled,filled
dns_outlined,7,serverOutline,server,regular,regular
download,1,download,download,filled,filled
download_outlined,6,downloadOutline,download,regular,regular
downloading,2,download,download,filled,filled
drag_indicator,1,dotsVertical,dots_vertical,filled,filled
drive_file_move_outlined,1,fileImportOutline,file_import,regular,regular
edit_outlined,1,editOutline,edit_2,regular,regular
energy_savings_leaf,2,leaf,leaf,filled,filled
energy_savings_leaf_outlined,3,leafOutline,leaf,regular,regular
engineering_outlined,2,toolOutline,tool,regular,regular
error,1,alert,alert,filled,filled
error_outline,15,alertOutline,alert,regular,regular
exit_to_app_outlined,1,exitOutline,exit,regular,regular
expand_more,1,downSmall,down_small,filled,filled
extension_outlined,1,pluginOutline,plugin,regular,regular
favorite,5,heart,heart,filled,filled
favorite_border,5,heartOutline,heart,regular,regular
favorite_outline,4,heartOutline,heart,regular,regular
fingerprint,1,fingerprint,fingerprint,filled,filled
fingerprint_outlined,1,fingerprintOutline,fingerprint,regular,regular
flaky,1,asterisk,asterisk_2,filled,filled
flip,1,flipHorizontal,flip_horizontal,filled,filled
foggy,1,fog,fog,filled,filled
folder_copy_outlined,3,foldersOutline,folders,regular,regular
folder_open,2,folderOpen,folder_open,filled,filled
folder_open_outlined,3,folderOpenOutline,folder_open,regular,regular
folder_outlined,8,folderOutline,folder,regular,regular
font_download_outlined,2,fontOutline,font,regular,regular
format_size,2,fontSize,font_size,filled,filled
forum_outlined,1,messageOutline,message_2,regular,regular
fullscreen,1,fullscreen,fullscreen,filled,filled
fullscreen_exit,1,fullscreenExit,fullscreen_exit,filled,filled
gpp_bad_outlined,1,shieldOutline,shield,regular,regular
gps_fixed_outlined,1,aimingOutline,aiming,regular,regular
grain,1,drizzle,drizzle,filled,filled
graphic_eq,5,soundLine,sound_line,filled,filled
graphic_eq_outlined,2,soundLineOutline,sound_line,regular,regular
headphones_outlined,2,headphoneOutline,headphone,regular,regular
healing_outlined,1,firstAidKitOutline,first_aid_kit,regular,regular
high_quality_outlined,10,highQualityOutline,high_quality_outlined,regular,added
history,9,history,history,filled,filled
history_outlined,3,historyOutline,history,regular,regular
history_toggle_off,1,history,history,filled,filled
home,1,home,home_1,filled,filled
home_outlined,1,homeOutline,home_1,regular,regular
hourglass_top,2,sandglass,sandglass,filled,filled
image_outlined,4,picOutline,pic,regular,regular
info_outline,5,informationOutline,information,regular,regular
insert_drive_file_outlined,2,fileOutline,file,regular,regular
key_outlined,2,keyOutline,key_1,regular,regular
keyboard_arrow_down,1,downSmall,down_small,filled,filled
keyboard_arrow_up,2,upSmall,up_small,filled,filled
keyboard_return,1,cornerDownLeft,corner_down_left,filled,filled
language_outlined,2,translateOutline,translate,regular,regular
leaderboard_outlined,1,chartVerticalOutline,chart_vertical,regular,regular
library_music,1,music2,music_2,filled,filled
library_music_outlined,5,music2Outline,music_2,regular,regular
light_mode_outlined,1,sunOutline,sun,regular,regular
line_weight,1,lineHeight,line_height,filled,filled
link,2,link,link,filled,filled
link_off,2,unlink,unlink,filled,filled
link_off_outlined,1,unlinkOutline,unlink,regular,regular
local_fire_department_outlined,4,fireOutline,fire,regular,regular
location_city_outlined,1,buildingOutline,building_1,regular,regular
lock_open_outlined,1,unlockOutline,unlock,regular,regular
lock_outline,3,lockOutline,lock,regular,regular
login,1,entrance,entrance,filled,filled
logout,1,exit,exit,filled,filled
lyrics,1,fileMusic,file_music,filled,filled
lyrics_outlined,10,fileMusicOutline,file_music,regular,regular
manage_search,1,search3,search_3,filled,filled
manage_search_outlined,2,search3Outline,search_3,regular,regular
memory_outlined,2,chipOutline,chip,regular,regular
menu_book,1,book,book_2,filled,filled
menu_book_outlined,2,bookOutline,book_2,regular,regular
menu_open,3,menu,menu,filled,filled
menu_rounded,2,menu,menu,filled,filled
mic_external_on,1,mic,mic,filled,filled
mic_external_on_outlined,3,micOutline,mic,regular,regular
mobile_screen_share_outlined,1,shareForwardOutline,share_forward,regular,regular
mode_comment_outlined,1,commentOutline,comment,regular,regular
monitor_heart_outlined,2,heartbeatOutline,heartbeat_2,regular,regular
more_horiz,1,dots,dots,filled,filled
more_vert,2,dotsVertical,dots_vertical,filled,filled
multiline_chart,1,chartLine,chart_line,filled,filled
music_note,8,music,music,filled,filled
music_note_outlined,5,musicOutline,music,regular,regular
music_off_outlined,1,volumeOffOutline,volume_off,regular,regular
my_location,1,aiming,aiming,filled,filled
my_location_outlined,1,aimingOutline,aiming,regular,regular
nights_stay,1,moonStars,moon_stars,filled,filled
north_west,1,cornerUpLeft,corner_up_left,filled,filled
notes_outlined,1,musicOutline,music,regular,regular
numbers_outlined,1,hashtagOutline,hashtag,regular,regular
offline_pin,1,pin,pin_2,filled,filled
offline_pin_outlined,2,pinOutline,pin_2,regular,regular
opacity,1,drop,drop,filled,filled
palette_outlined,5,paletteOutline,palette,regular,regular
password_outlined,5,keyOutline,key_1,regular,regular
pause,2,pause,pause,filled,filled
pause_circle_filled,1,pauseCircle,pause_circle,filled,filled
pause_circle_outline,3,pauseCircleOutline,pause_circle,regular,regular
pause_rounded,2,pause,pause,filled,filled
person,3,user,user_1,filled,filled
person_outline,8,userOutline,user_1,regular,regular
photo_library_outlined,1,album2Outline,album_2,regular,regular
pie_chart_outline,1,chartPieOutline,chart_pie,regular,regular
play_arrow,10,play,play,filled,filled
play_arrow_rounded,7,play,play,filled,filled
play_circle_filled,1,playCircle,play_circle,filled,filled
play_circle_outline,4,playCircleOutline,play_circle,regular,regular
playlist_play,1,playlist,playlist,filled,filled
power_settings_new_outlined,2,powerOutline,power,regular,regular
public,1,earth,earth,filled,filled
published_with_changes_outlined,1,publishedWithChangesOutline,published_with_changes_outlined,regular,added
qr_code_2,4,qrcode,qrcode_2,filled,filled
queue_music,6,playlist,playlist,filled,filled
queue_music_outlined,3,playlistOutline,playlist,regular,regular
radio_button_checked,1,dotCircle,dot_circle,filled,filled
radio_button_off,1,circleDash,circle_dash,filled,filled
refresh,18,refresh,refresh_2,filled,filled
refresh_outlined,1,refreshOutline,refresh_2,regular,regular
repeat,2,repeat,repeat,filled,filled
repeat_one,2,repeatOne,repeat_one,filled,filled
restart_alt,2,refreshAnticlockwise,refresh_anticlockwise_1,filled,filled
rounded_corner,2,borderRadius,border_radius,filled,filled
schedule,1,clock,clock,filled,filled
science_outlined,1,flaskOutline,flask,regular,regular
sd_storage_outlined,1,storageOutline,storage,regular,regular
search,6,search2,search_2,filled,filled
search_off,2,search2None,search_2_none,filled,filled
security_outlined,3,shieldOutline,shield,regular,regular
select_all,1,multiselect,multiselect,filled,filled
send,1,sendPlane,send_plane,filled,filled
settings_outlined,2,settingsOutline,settings_1,regular,regular
shield_outlined,1,shieldOutline,shield,regular,regular
shuffle,2,shuffle,shuffle,filled,filled
skip_next,2,skipForward,skip_forward,filled,filled
skip_next_outlined,2,skipForwardOutline,skip_forward,regular,regular
skip_previous,2,skipPrevious,skip_previous,filled,filled
space_bar,1,space,space,filled,filled
speaker,1,speaker,speaker,filled,filled
speaker_outlined,2,speakerOutline,speaker,regular,regular
speed,1,dashboard3,dashboard_3,filled,filled
speed_outlined,5,dashboard4Outline,dashboard_4,regular,regular
star,1,star,star,filled,filled
star_outline,2,starOutline,star,regular,regular
stop,3,stop,stop,filled,filled
storage_outlined,4,storageOutline,storage,regular,regular
storefront_outlined,1,storeOutline,store,regular,regular
subtitles,1,subtitle,subtitle,filled,filled
subtitles_off_outlined,1,subtitleOutline,subtitle,regular,regular
subtitles_outlined,1,subtitleOutline,subtitle,regular,regular
swap_horiz,1,transferHorizontal,transfer_horizontal,filled,filled
sync,2,refresh,refresh_2,filled,filled
sync_lock_outlined,3,lockOutline,lock,regular,regular
sync_problem_outlined,1,warningOutline,warning,regular,regular
text_fields_outlined,2,fontSizeOutline,font_size,regular,regular
text_snippet_outlined,1,docmentOutline,docment,regular,regular
thumb_up_alt_outlined,1,thumbUpOutline,thumb_up,regular,regular
thunderstorm,1,thunderstorm,thunderstorm,filled,filled
tonality_outlined,2,tonalityOutline,tonality_outlined,regular,added
transform_rounded,1,transfer,transfer_2,filled,filled
translate,1,translate,translate,filled,filled
translate_outlined,1,translateOutline,translate,regular,regular
travel_explore,2,earth,earth,filled,filled
tune,5,filter,filter,filled,filled
verified_outlined,1,safetyCertificateOutline,safety_certificate,regular,regular
view_column_outlined,2,columnsOutline,columns_2,regular,regular
view_stream_outlined,2,menuOutline,menu,regular,regular
visibility_off_outlined,4,eyeCloseOutline,eye_close,regular,regular
visibility_outlined,3,eyeOutline,eye_2,regular,regular
volume_down,1,volumeMute,volume_mute,filled,filled
volume_off,1,volumeOff,volume_off,filled,filled
volume_up,1,volume,volume,filled,filled
vpn_key_outlined,1,keyOutline,key_1,regular,regular
wallpaper_outlined,1,picOutline,pic,regular,regular
warning_amber_outlined,1,warningOutline,warning,regular,regular
warning_amber_rounded,5,warning,warning,filled,filled
water_drop,2,drop,drop,filled,filled
wb_cloudy,1,cloud,cloud,filled,filled
wb_sunny,1,sun,sun,filled,filled
wb_sunny_outlined,3,sunOutline,sun,regular,regular
wifi_tethering,1,wifi,wifi,filled,filled
workspace_premium_outlined,2,medalOutline,medal,regular,regular
zoom_out_map_outlined,2,fullscreenExit2Outline,fullscreen_exit_2,regular,regular
